question,answer
"What did Eugene do at 11:25 PM on Friday, October 24th?","Eugene opened a YouTube tab in the Arc browser showing a paused/playing interview where the speaker used a **RØDE microphone**. Subtitles displayed the line “similar to maybe what evolution has done. That’s why I call pre‑training.” He then switched to the Spotify desktop app, selected the **“Playlist – eugene”** (64 songs, 3 h 29 min) from the left sidebar, and started playback of **“SPEED UP” by BENJAMIN RICH**, which began at roughly 1:15 min into the track."
How did Eugene interact with Spotify’s account menu at 11:26 PM?,"While **“SPEED UP”** kept playing, Eugene clicked the profile avatar in the upper‑right corner, causing a dropdown with options **Account, Profile, Support, Private session, Settings, Update Spotify now** (the latter highlighted with a dot) and **Log out** to appear. The playlist view updated to show **65 songs, 3 h 31 min** and a “Public Playlist” label, and a transient “Added to” toast confirmed a successful addition of a track to the library."
"What profile information did Eugene view on Spotify, and what does it indicate?","Eugene navigated to his public profile page (dark‑blue gradient background) where the header displayed **“7 Public Playlists, 14 Followers, 15 Following.”** Below, private analytics showed “Top artists this month” (AJ Vitanza, Tate McRae, keshi, Drake, The Kid LAROI, Justin Bieber) and “Top tracks this month” (e.g., “I Found Out”, “Go Big or Go Home”). This suggests Eugene was reviewing personal listening statistics, likely for personal insight rather than a work‑related task."
"Which artist page did Eugene visit next, and what actions were taken there?","Eugene opened the **keshi** artist page. The header displayed a verified badge, **8,257,994 monthly listeners**, a green “Play” button, and a “Following” indicator (showing he is already following the artist). In the “Popular” section, tracks like **“Soft Spot,” “UNDERSTAND,” “WANTCHU,” “LIMBO,”** and **“beside you”** were listed with huge play counts. At the bottom, the **“Artist pick”** was set to **“WANTCHU.”** While on this page, Eugene removed the “WANTCHU” pick, triggering a temporary **“Removed from Your Library.”** toast."
Did anything break or fail during these Spotify interactions?,"There is no evidence of errors, crashes, or failed operations in the log. All UI feedback (e.g., “Added to,” “Removed from Your Library”) displayed successfully, and playback continued without interruption, implying the actions proceeded without technical issues."
"After the Spotify actions, what did Eugene do with the YouTube video at 11:27 PM?","Eugene switched back to the Arc browser, returning to the same YouTube video. He left the music playing in the background and re‑engaged with the video, which was either paused or playing at the point where the speaker said the subtitle quoted earlier."
How did Eugene manipulate the YouTube timeline at 11:28 PM?,"He dragged the red progress bar from **12:51** to **1:47:23**, effectively skipping to a later chapter titled **“Why self‑driving took so long.”** Playback resumed, and subtitles changed to a new segment about self‑driving. The view also switched from the original speaker to the conversation partner, indicating a manual navigation to a specific discussion point."
What evidence shows that Eugene actively engaged with the YouTube channel at 11:29 PM?,"Eugene clicked the pink **“Subscribe”** button beneath the channel name. A confirmation toast **“Subscription added”** appeared in the lower‑left corner, and the bell icon changed to reflect a subscribed state. This confirms a deliberate engagement with the channel."
What additional resources did Eugene expose by expanding the video description?,"Scrolling revealed the full description, which contained sections **“EPISODE LINKS,” “SPONSORS,”** and **“TIMESTAMPS.”** Hyperlinks to a Substack post, Apple Podcasts, Spotify, and sponsor sites (**labelbox.com, mercury.com, gemini.google**) appeared. Chapter timestamps (e.g., “00:00 – AGI is still a decade away”) were also displayed, suggesting Eugene was gathering reference material related to the interview."
"How far did Eugene explore the YouTube comment thread, and what does it suggest about his intent?","He scrolled past the description into the comments, where **1,476 comments** were listed. He read several high‑engagement comments (e.g., “Karpathy’s tokens/sec is breaking my context window” with 2.1 K likes). No replies or new comments were posted, indicating a passive information‑gathering behavior—likely reviewing community reactions for insight rather than participating."
"Who else is involved in Eugene’s workflow, based on the Slack activity at 11:31 PM?",Eugene opened the **Cal Hacks 12.0** Slack workspace and entered a direct‑message thread with **Jonathan Li**. He sent the message **“are you done your metaprompt”** and received an immediate reply **“no.”** This shows a real‑time collaboration with a teammate; no other colleagues or channels were touched during this session.
Is any of the work in a prototype stage versus production‑ready?,"All observed actions (YouTube viewing, Spotify playlist management, Slack messaging) are end‑user interactions with fully released consumer products. There is no indication of custom code, testing scripts, or development environments, so the work is **production‑ready** usage of existing tools, not a prototype or development effort."
"What, if any, blockers or unanswered questions remain for Eugene?","- The log does not reveal whether Eugene completed the intended research goal (e.g., extracting specific insights from the interview) or whether he followed up on the “metaprompt” task with Jonathan.
- It is unclear if the “Added to” toast in Spotify corresponded to a specific track that Eugene intended to curate; the exact song name is not captured.
- No evidence shows whether Eugene saved any of the YouTube description links to a note‑taking app; that next step is unknown."
What did Eugene accomplish during this session overall?,"Eugene spent roughly a six‑minute window moving fluidly between media consumption and lightweight collaboration. He **reviewed personal listening stats**, **curated a Spotify playlist (adding and removing a track)**, **explored a specific artist’s page**, **skipped to a targeted segment of a YouTube interview**, **subscribed to the channel**, **extracted episode metadata and sponsor links**, **read community comments for additional context**, and **checked in with a teammate on a “metaprompt” task**. The session reflects focused information gathering and brief team communication, with no technical failures observed."
What did Eugene start doing at 11:25 PM on Oct 24 in the Arc browser?,"Eugene had a YouTube tab open showing a video of a speaker using a RØDE microphone. Subtitles displayed the line *“similar to maybe what evolution has done. That’s why I call pre‑training.”* The Arc browser dock icon was visible alongside Finder, Notion, Slack, and Spotify."
"How did Eugene transition from YouTube to Spotify, and what playlist did he select?","He switched focus to the Spotify desktop app, which filled the screen. In the left sidebar under “Your Library” he opened a playlist named **“Playlist – eugene.”** The playlist listed 64 songs (total 3 h 29 min) with most tracks marked “2 weeks ago.”"
"Which track began playing, and what was the exact playback position shown?","The track **“SPEED UP” by BENJAMIN RICH** started. The green progress bar indicated it was between **1:15 and 2:15**, later moving to 1:17‑1:22, then 1:24‑1:30 as Eugene interacted with the UI."
What account‑related actions did Eugene perform in Spotify’s upper‑right menu?,"He clicked his profile avatar, revealing a dropdown with options: **Account, Profile, Support, Private session, Settings, Update Spotify now** (highlighted with a dot), and **Log out**. This shows he opened the account management menu but did not select any further option."
What details are visible on Eugene’s public Spotify profile page?,"The profile shows a dark‑blue gradient background with the username **“eugene.”** Below it: **7 Public Playlists**, **14 Followers**, **15 Following**. The “Top artists this month” section lists AJ Vitanza, Tate McRae, keshi, Drake, The Kid LAROI, and Justin Bieber. The “Top tracks this month” includes “I Found Out,” “Go Big or Go Home,” “Homemade Dynamite (Feat. Khalid, Post Malone & SZA) – REMIX,” and “INNOCENT,” each with durations between 2:15 and 3:34. A label “Only visible to you” confirms the analytics are private."
"Which artist page did Eugene visit next, and what key information was displayed?","He navigated to the **keshi** artist page. The header banner shows keshi lying on grass beside a rock, with a “Verified Artist” badge and **8,257,994 monthly listeners**. Controls include a large green **Play** button and a **Following** indicator (showing Eugene is following the artist). The “Popular” list shows tracks “Soft Spot,” “UNDERSTAND,” “WANTCHU,” “LIMBO,” and “beside you,” each with play counts in the hundreds of millions and lengths from 2:30 to 3:46. The “Liked Songs” section notes **“You’ve liked 26 songs”** by keshi, and the “Artist pick” shows **“WANTCHU”** posted by keshi."
What specific change did Eugene make to his library on the keshi page?,"He removed the **“Artist pick” – WANTCHU** from his library. A transient pop‑up appeared stating **“Removed from Your Library.”** The notification then disappeared, confirming the un‑like action succeeded."
"After the Spotify interaction, how did Eugene return to the YouTube video, and what was its state?","Eugene switched back to the Arc browser, bringing the YouTube tab to the foreground. The video (featuring the same speaker with a RØDE mic) was either paused or playing; the subtitles still showed *“similar to maybe what evolution has done. That’s why I call pre‑training.”* The YouTube UI (search bar, logo, red play button) remained intact."
What navigation did Eugene perform within the YouTube video timeline at 11:28 PM?,"He dragged the red progress bar from about **12:51** to **1:47:23**, jumping to the chapter titled **“Why self‑driving took so long.”** Playback resumed, showing a new speaker beside a brick wall with bookshelves, and subtitles changed to “self‑driving took so long because the cost of failure is so high.” A pause/play icon later appeared centered, indicating a manual pause."
"How did Eugene engage with the YouTube channel, and what confirmation did he receive?","He clicked the pink **“Subscribe”** button beneath the channel name **“Dwarkesh Patel.”** The button animated, and a lower‑left toast appeared reading **“Subscription added.”** The bell icon next to the button changed to reflect the subscribed state."
What information became visible after Eugene expanded the video description?,"Scrolling revealed the full description, now showing sections **“EPISODE LINKS,” “SPONSORS,”** and **“TIMESTAMPS.”** Hyperlinks to a Substack post, Apple Podcasts, Spotify, and sponsor sites (labelbox.com, mercury.com, gemini.google) appeared. Timestamp markers like “00:00 – AGI is still a decade away” and “01:13 – AGI will blend into 2% GDP growth” were displayed, confirming the chapter list loaded."
What activity did Eugene perform in the YouTube comments section?,"He scrolled past the description into the comments area. The UI collapsed the description and showed **“1,476 Comments.”** He read multiple top‑ranked comments, including:
- **@integundechatz7872** – “Karpathy’s tokens/sec is breaking my context window” (2.1K likes, 33 replies).
- **@unsupervised‑learning** – technical insight about neural encoding (100 likes).
- Other high‑engagement comments such as “Just realised its not running on 2x lol” (2.6K likes) and “Almost every sentence this man utters is perfectly put” (385 likes).
He did not click, like, or reply to any comment; the action was limited to scrolling and reading."
"Which Slack workspace did Eugene open, and what initial view did he see?","He opened the **“Cal Hacks 12.0”** workspace. The left sidebar highlighted the **Direct Messages** (speech‑bubble) section, listing three threads: **Jonathan Li**, **Eugene Cho (you)** (personal notes), and **Kandra Chau [Cal Hacks]**. The main panel showed Slack’s default purple placeholder, indicating no conversation was selected yet."
"What message did Eugene send to Jonathan Li, and what was the exact timestamp?","He selected Jonathan Li’s DM, typed **“are you done your metaprompt”**, and sent it at **3:53 PM** (system clock). A green check‑mark appeared confirming delivery, and the message appeared under a “Today” heading."
"How did Jonathan Li respond, and what UI cues indicated the reply was received?","Jonathan Li replied **“no”** instantly, also timestamped **3:53 PM** (shown as “Just now”). A small emoji reaction (a green check‑box) appeared beneath his reply. The DM list now shows a snippet “no” with the same timestamp, confirming the conversation is live."
What can be inferred about Eugene’s overall workflow during this one‑minute window?,"Eugene alternated between passive consumption (watching a technical YouTube interview) and light music management (Spotify playlist navigation, un‑liking a track). He then performed a brief engagement action (subscribing to the channel, expanding description) before moving to community interaction (reading comments). Finally, he shifted to work‑related communication by opening Slack, checking a DM, and asking a teammate about a “metaprompt.” This suggests a pattern of multitasking: consuming content, curating media, and handling a quick project‑related inquiry—all within a focused, short time span."
"What YouTube video was open in the Arc browser at 11:25 PM, and what was the visible subtitle text at that moment?","Eugene had a YouTube tab open showing a speaker using a **RØDE microphone**. The subtitle line displayed was **“similar to maybe what evolution has done. That’s why I call pre‑training.”** The video title was **“Andrej Karpathy — ‘We’re summoning ghosts, not building animals’”** and the channel was **Dwarkesh Patel**."
"Which web browser was Eugene using, and how can we tell?","The browser was **Arc** – the dock icon at the bottom of the screen was labeled “Arc,” and the YouTube tab was shown inside that window."
"What playlist did Eugene select in Spotify, and how many tracks did it contain initially?",He opened the playlist **“Playlist – eugene”** under his library. At first it listed **64 songs** with a total duration of **3 h 29 min**.
"Which track started playing first, and what was its playback position when the log first recorded it?","The first track was **“SPEED UP” by BENJAMIN RICH**. The green progress bar was shown moving between **1:15 and 2:15**, and later the log notes it at **1:17 → 1:22** and then **1:24 → 1:30** as time passed."
What account‑related options appeared when Eugene clicked his profile avatar in Spotify?,"A dropdown showed **Account, Profile, Support, Private session, Settings, Update Spotify now** (highlighted with a dot), and **Log out**."
"After opening the account dropdown, how did the playlist header change?","The playlist header turned **solid green**, the playlist count increased to **65 songs** (now **3 h 31 min**), and a **“Public Playlist”** label appeared."
What notification confirmed a song had been added to the library?,"A hover‑over **“Added to”** notification appeared near the bottom center of the screen, indicating a track was saved to the collection."
What statistics are visible on Eugene’s public Spotify profile page?,"The profile shows **7 Public Playlists, 14 Followers, 15 Following**. In the analytics section (private to him) the “Top artists this month” include **AJ Vitanza, Tate McRae, keshi, Drake, The Kid LAROI, Justin Bieber**. “Top tracks this month” list **“I Found Out,” “Go Big or Go Home,” “Homemade Dynamite (Feat. Khalid, Post Malone & SZA) – REMIX,” “INNOCENT**” with durations from **2:15‑3:34**."
"Which artist page did Eugene navigate to after his profile, and what key metrics were displayed?","He opened the **keshi** artist page. The banner showed **“keshi”** with a **Verified Artist** badge and **8,257,994 monthly listeners**. Controls included a green **Play** button and a **Following** status."
List three “Popular” tracks shown on the keshi artist page and their approximate lengths.,"- **“Soft Spot”** – ~2:30
- **“UNDERSTAND”** – ~3:00
- **“WANTCHU”** – ~3:46

(Exact lengths were indicated in the log as ranging from 2:30‑3:46.)"
"What action did Eugene take on the “WANTCHU” artist pick, and how was it confirmed?","He removed it from his library. A pop‑up appeared saying **“Removed from Your Library.”** The message disappeared after a moment, confirming the removal."
"After the Spotify actions, which application did Eugene return to, and what was its state?","He switched back to **Arc**, which displayed the same YouTube tab, still showing the speaker at the microphone. The video was either paused or playing, with the same subtitle line as before."
"How did Eugene move the YouTube playback position, and what new timestamp did the video reach?","He dragged the video timeline forward, jumping from about **12:51** to **1:47:23**. The red progress bar moved accordingly, and the subtitles changed to a new segment about self‑driving."
What visual change indicated a new speaker appeared in the video after the skip?,"The camera switched from the original speaker (wall, microphone) to a second speaker seated in front of a **brick wall with bookshelves** and another **RØDE microphone**. The subtitle reflected the new speaker’s dialogue."
"Which button did Eugene click to subscribe to the channel, and what confirmation appeared?",He clicked the pink **“Subscribe”** button under the channel name. A temporary animation played and a lower‑left toast read **“Subscription added.”** The bell icon next to the button also reflected the subscribed state.
What sections became visible after Eugene expanded the video description?,"The description unfolded to show headings **“EPISODE LINKS,” “SPONSORS,”** and **“TIMESTAMPS.”** Under these were hyperlinks to **Substack, Apple Podcasts, Spotify, labelbox.com, mercury.com, gemini.google**, and timestamped chapter markers like **“00:00 – AGI is still a decade away.”**"
"When Eugene scrolled into the comments section, how many total comments were indicated at the top?","The UI displayed **“1,476 Comments.”**"
Name two comments Eugene saw (including the usernames) and their engagement metrics.,"- **@integundechatz7872** – “Karpathy’s tokens/sec is breaking my context window” – **2.1K likes, 33 replies** (posted ~8 days ago).
- **@unsupervised‑learning** – technical remark about neural encoding – **100 likes, 2 replies**."
"Did Eugene interact with any comments (e.g., like, reply), and what evidence supports your answer?","No. The log notes that comments were **read** as Eugene scrolled, but there were **no clicks, likes, or reply expansions** observed; the interface remained static aside from scrolling."
"Which Slack workspace did Eugene open after the YouTube session, and how can we identify it?","He opened the **“Cal Hacks 12.0”** workspace – the top of the Slack window displayed that text, and the sidebar icons matched the workspace’s theme."
"Which direct‑message thread did Eugene select first, and what was the initial state of that conversation pane?","He clicked the **Jonathan Li** DM. Initially the main pane showed only Slack’s default purple placeholder bubble, indicating no conversation was selected yet."
"What message did Eugene send to Jonathan Li, and at what timestamp did it appear?",He typed and sent **“are you done your metaprompt”**. It appeared with a timestamp of **3:53 PM** and a green check‑mark confirming delivery.
"How quickly did Jonathan Li reply, and what was the content of his reply?","Jonathan responded almost instantly, at **3:53 PM** (same minute), with a single word **“no.”** A small reaction (green check‑emoji) appeared beneath his message."
"After the exchange, what visual cue indicated the most recent activity in the DM list?","The DM list now shows a preview snippet **“no”** under Jonathan Li’s name with a **“Just now”** timestamp, confirming the latest message."
"Throughout the entire session (11:25 PM – 11:32 PM), did any other applications become active besides Arc, Spotify, and Slack?","No. The dock consistently displayed **Arc, Notion, Slack, ChatGPT,** and **Spotify**, but only Arc, Spotify, and Slack showed foreground activity in the log. No other apps were opened or interacted with."
What exactly did Eugene do between 11:25 PM and 11:32 PM on Oct 24?,"He hopped between four apps in rapid succession: Arc (YouTube), Spotify, back to Arc, then Slack.
Inside Spotify he played “SPEED UP” by BENJAMIN RICH, added a song to his personal “Playlist – eugene,” peeked at his own profile stats (7 public playlists, 14 followers), visited the verified artist page for keshi, then removed keshi’s “Artist pick” from his library.
In YouTube he scrubbed the Andrej Karpathy / Dwarkesh Patel interview from ~12 min to 1 h 47 min, paused, subscribed to the channel, expanded the description, read the sponsor & timestamp section, then scrolled through ~1,500 viewer comments.
Finally, in Slack (“Cal Hacks 12.0” workspace) he reopened yesterday’s DM with Jonathan Li, asked “are you done your metaprompt,” and got a one-word reply: “no.”"
Why does the Spotify playlist jump from 64 to 65 songs?,"That’s the moment he added a track; the “Added to” notification appears at 11:26 PM, matching the increment."
Is anything broken or failing?,"Nothing in the logs shows crashes, error modals, or failed uploads. Spotify removal pop-up (“Removed from Your Library”) and YouTube “Subscription added” toast both behave normally, so the visible flows are succeeding."
Is this solo work or is anyone else involved?,"Predominantly solo. The only other human we see is Jonathan Li, and that interaction is brief: Eugene pings him, gets a two-letter answer. No group channels, no @-mentions, no multi-party files."
What command or concrete action created the screenshots we’re reading?,We don’t see him run any script or screenshot tool—he just navigates UIs—so the logs themselves must come from an always-on session recorder (probably the same one that generated these entries).
What’s the maturity level of the “metaprompt” he’s asking about?,"We can’t tell. The only evidence is Eugene’s question; Jonathan’s “no” implies it’s still in draft. No doc links, code or PRs appear in this window."
Did he finish watching the YouTube video?,"No. He skipped to the 1 h 47 min mark, left it paused, and spent the rest of the minute reading comments, never reaching the end or pressing play again."
Why did he remove keshi’s “Artist pick” right after viewing it?,"Likely taste curation—he saved it earlier, sampled it again, decided it shouldn’t stay in the library. The action is deliberate; he clicks exactly on the “Artist pick” card and the pop-up confirms removal."
Are there any privacy or policy concerns in the logs?,"Low risk. All activity is consumer-grade (YouTube subscribe, Spotify like/Unlike, Slack DM). No sensitive credentials or proprietary data are exposed on-screen except the Cal Hacks workspace name and Jonathan’s real name—both innocuous in context."
What blockers or open questions remain?,"Metaprompt status is unknown; he’s waiting on Jonathan. We also don’t know why he scrubbed to the self-driving section—was he hunting for a quote, clipping for notes, or just curiosity?"
What’s the next likely step based on behaviour?,"If Jonathan answers “done,” expect a Google Docs link or a Notion page to pop up; Eugene already shared docs via Slack at 1:03 AM yesterday, so that’s the established collaboration channel."
Did he actually listen to any of the songs he browsed?,Only “SPEED UP”; the progress bar creeps from 1:15 → 1:30 while he clicks around. Every other track list is static—no play indicators—so this appears to be background listening while he explores metadata.
Summary: what did Eugene accomplish in seven tight minutes?,"He background-queued music, tidied his artist library, subscribed to a podcast channel, mined its comments for crowd sentiment, skim-watched a technical interview on AGI vs self-driving, and pinged a teammate for a blocker status update—all tiny, quick-turn context switches that let him keep tabs on culture, research, and a joint writing deliverable in parallel."
What did Eugene do in Spotify around 11:25 PM?,"He opened the desktop app, picked his “Playlist ‑ eugene” (then 64 songs, 3h29m), and hit play on the track “SPEED UP” by BENJAMIN RICH; the song started at roughly 1:15 into the track."
What account-level actions did he take in Spotify after that?,"Around 11:26 PM he clicked his profile avatar (upper-right) and then:
- Subscribed to keshi (confirmed by the green “Following” state)
- Removed the artist-picked song “WANTCHU” from his library, evidenced by the pop-up banner “Removed from Your Library.”"
What YouTube video was he watching the whole evening?,"He kept cycling back to Andrej Karpathy’s long-form interview “We’re summoning ghosts, not building animals” on the channel “Dwarkesh Patel.” The subtitle “similar to maybe what evolution has done. That’s why I call pre-training” was visible during every YouTube segment logged."
What timestamps in that video did he actually watch?,"11:28 PM shows a big seek-jump on the timeline from about 12:51 to 1:47:23, then pausing a few seconds later.
11:30 PM finds him reading the description again after scrolling back up from the comments."
How did he engage with the Dwarkesh channel before moving on?,At 11:29 PM he pressed “Subscribe” (pink button turned white; toast “Subscription added” popped). He then expanded the description (“Show more”) and scrolled down to skim the sponsor links and chapter markers.
What comments did he read and how deep did he go?,"Between 11:30-11:31 PM he scrolled through the top ~1,476 comments. He did not post, like, or expand any replies, but the logs confirm he passed multiple high-rating threads including “Karpathy’s tokens/sec is breaking my context window” (2.1 K likes).
This suggests he was passively auditing audience reception, not participating."
Which work apps did he open after YouTube?,Slack (workspace “Cal Hacks 12.0”) gets foregrounded right at 11:31 PM.
What prompted that Slack visit?,"Logs show only that he clicked into a DM thread with Jonathan Li and quickly asked:
“are you done your metaprompt”  – sent at 3:53 PM in-app (11:31 PM wall-clock)."
Did Jonathan respond in the same minute?,"Yes, at 3:53 PM Jonathan wrote back the single word “no.” Immediate timestamp match plus the “Just now” badge shows live back-and-forth. No further text appears in the log."
What earlier content had Eugene and Jonathan exchanged?,"Yesterday’s thread (visible when Eugene reopened Slack) includes:
- 1:03 AM Google Docs link
- Image file “image.png” (portrait photo)
- Casual banter (“hello”, “yo what up”)
This gives context that Eugene is following up on ongoing project edits (“metaprompt”)."
Did Eugene open any other work apps during this sequence?,"Arc browser, Spotify, Slack are explicitly mentioned; other dock icons like Notion, ChatGPT appear but are not activated in the log. We don’t see him edit any docs or code during this 6-minute window."
How long did he actually stay in Slack before closing it?,"Less than a minute. He sent the message, Jonathan replied, and the capture ends; the next log entry does not show new navigation inside Slack—no move to channels or additional DMs."
Any evidence that he kept music running in the background the whole time?,"Yes. Spotify’s bottom bar still lists “SPEED UP” advancing from 1:24 to 1:30 between screen captures; the window itself only resurfaces when he cycles back, indicating continuous background play."
What does this pattern tell us about his focus cadence?,"He oscillates between passive consumption (YouTube scrolling, playlist listening) and quick accountability pings on Slack, likely doing “micro checkpoints” on teammates before returning to long-form material—in this case Andrej Karpathy’s 2-hour technical talk."
Anything missing or unresolved from the logs?,We have zero evidence that Eugene ever typed the next Slack reply to Jonathan (“no” response) or that he finished the metaprompt task himself—conversation ends open-ended. That’s a potential next-day follow-up item for any teammate checking on blockers.
"At 11:25 PM on Friday, October 24th, what song did Eugene start playing on Spotify and from which playlist?",He clicked play on “SPEED UP” by BENJAMIN RICH from his own playlist titled “Playlist - eugene” that contained 64 songs and ran 3 h 29 min at that moment.
What visible change occurred in the playlist count between 11:25 PM and 11:26 PM?,"The playlist “Playlist - eugene” gained one track—its header updated from “64 songs, 3 h 29 min” to “65 songs, 3 h 31 min” and was labeled “Public Playlist”."
"Which artist’s page did Eugene navigate to inside Spotify, and what action did he take there?",He went to keshi’s artist page and removed the “Artist pick” track “WANTCHU” from his library; the transient banner “Removed from Your Library” confirmed the action.
What podcast video was Eugene watching on YouTube and what was the on-screen subtitle when he first opened it?,"He was watching “Andrej Karpathy — ‘We’re summoning ghosts, not building animals’” on the Dwarkesh Patel channel; the subtitle line read “similar to maybe what evolution has done. That’s why I call pre-training.”"
"Where did Eugene jump the playhead when he skipped forward inside the same YouTube video, and what chapter title became visible?","He scrubbed the timeline from ~12:51 to 1:47:23, landing in the chapter titled “Why self-driving took so long.”"
Which three sponsors were listed in the expanded description that Eugene revealed under the YouTube video?,"labelbox.com, mercury.com, and gemini.google were the sponsor links shown after he clicked “Show more.”"
What channel-related action did Eugene perform at 11:29 PM and what confirmation did he see?,He subscribed to Dwarkesh Patel’s channel; a pink “Subscribe” button flashed and the toast “Subscription added” appeared in the lower-left corner.
How many comments did the video show once Eugene had scrolled into the comment section?,"The count line read “1,476 Comments” at the top of the feed."
"Which individual comment had the highest like-count that Eugene scrolled past, and what did it say?",“Just realised its not running on 2x lol” held 2.6K likes.
"In which Slack workspace was Eugene working, and which DM thread did he open?",Workspace: “Cal Hacks 12.0”; he opened the direct-message thread with Jonathan Li.
What file did Eugene and Jonathan exchange “Yesterday” in that Slack thread?,Eugene had shared an “image.png” (a portrait photo) and a Google Docs link at 1:03 AM the previous day.
What exact message did Eugene send Jonathan at 3:53 PM (11:31 PM his local time)?,“are you done your metaprompt”
"What was Jonathan’s immediate reply, and what emoji reaction appeared beneath it?",Jonathan replied simply “no.” A single green-check emoji reaction was visible below the message.
What visual cue indicated that the Slack message had been successfully delivered?,A small green check-mark icon appeared momentarily beside the message-input bar after Eugene hit send.
"While Eugene was inside Spotify, how many monthly listeners did the keshi page report?","8,257,994 monthly listeners."
"According to Eugene’s private Spotify analytics, who was listed as his top artist this month?","AJ Vitanza (followed by Tate McRae, keshi, Drake, The Kid LAROI, and Justin Bieber)."
What Arc-browser–identifiable feature confirms the browser in use throughout the logs?,"The dock at the bottom of the macOS screen contains an icon labeled “Arc,” distinguishing it from Safari or Chrome."
What song was actively playing in Spotify when Eugene switched back to the YouTube tab at 11:27 PM?,"“SPEED UP” by BENJAMIN RICH, still rolling from 1:24 to 1:30 during the transition."
What was the system clock time visible on Eugene’s Mac when he finished scrolling through YouTube comments?,"3:52 PM (local machine time), unchanged across the 11:29–11:30 PM segment."
Which applications stayed visible in the dock throughout the entire sequence from 11:25 PM onward?,"Finder, Arc, Notion, Slack, ChatGPT, and Spotify—their icons remained statically present at the bottom of every screenshot."
"What was Eugene doing between 11:25 PM and 11:32 PM on Friday, October 24th?","Eugene started by watching a YouTube video in the Arc browser, then switched to using the Spotify desktop app to play a playlist. He navigated through various sections of Spotify, including his public profile and an artist page, before returning to the YouTube video. After interacting with the YouTube video, including subscribing to the channel and reading comments, Eugene switched to the Slack desktop application to communicate with Jonathan Li in a direct message thread."
What was Eugene listening to on Spotify?,"Eugene was listening to a playlist titled ""Playlist - eugene"" with 64-65 songs, totaling around 3 hours and 29-31 minutes. The active track playing was ""SPEED UP"" by BENJAMIN RICH."
Why did Eugene interact with his Spotify account settings?,"Eugene clicked on his profile avatar in Spotify, revealing a dropdown menu with account management options. This action suggests he might have been checking or adjusting his account settings, although the exact reason isn't clear from the log."
What did Eugene do on the keshi artist page in Spotify?,"On the keshi artist page, Eugene removed the ""Artist pick"" song ""WANTCHU"" from his library, as indicated by a ""Removed from Your Library"" notification."
What was the YouTube video Eugene was watching about?,"The YouTube video featured a discussion between two individuals, with subtitles indicating the conversation was about topics like ""pre-training"" and ""self-driving."" The video title was ""Andrej Karpathy — 'We're summoning ghosts, not building animals'"" by Dwarkesh Patel."
Why did Eugene subscribe to the YouTube channel?,"Eugene subscribed to the channel, as evidenced by the ""Subscription added"" confirmation message. This suggests he found the content valuable or interesting enough to want updates."
What did Eugene do after subscribing to the YouTube channel?,"After subscribing, Eugene scrolled through the video's description panel, revealing links to episode resources and timestamps. He then scrolled further down to read the comments section, where he viewed numerous comments and replies without interacting with them directly."
What was Eugene's purpose in checking the Slack conversation with Jonathan Li?,"Eugene sent a message to Jonathan Li asking, ""are you done your metaprompt."" Jonathan replied with ""no."" This exchange suggests they were discussing a task or project related to a ""metaprompt."""
Is there evidence that Eugene was collaborating with others on a project?,"Yes, the Slack conversation between Eugene and Jonathan Li indicates they were collaborating or at least communicating about a task related to a ""metaprompt."""
Was Eugene's work on a single task or multiple tasks?,"Eugene's activities suggest he was switching between multiple tasks or interests, including watching a YouTube video, managing his Spotify playlist, and communicating with Jonathan Li about a project."
Is anything broken or failing in Eugene's workflow as observed?,"There's no clear indication that anything was broken or failing in Eugene's workflow. However, the log doesn't provide detailed error messages or failure notifications."
Is anyone else involved in Eugene's activities as seen in the log?,"Yes, Jonathan Li is involved in Eugene's activities, as they exchanged messages on Slack. Additionally, Eugene interacted with public comments on YouTube, but there's no direct engagement with other users."
What's the maturity level of Eugene's work (prototype vs production)?,"The log doesn't provide enough information to determine the maturity level of Eugene's work directly. However, the fact that he's discussing a ""metaprompt"" with Jonathan Li and listening to a substantial playlist suggests some level of ongoing project or research."
What could happen next based on Eugene's current activities?,"Based on Eugene's current activities, he might continue watching the YouTube video, respond to Jonathan Li's reply on Slack, or switch to another task. The Spotify music playback was left running, so it could continue in the background."
Are there any risk or policy concerns visible in Eugene's activities?,"The log doesn't directly highlight specific risk or policy concerns. However, using Slack for potentially work-related discussions and sharing links/files could imply some level of professional or collaborative activity that might be subject to organizational policies."
What did Eugene accomplish during this period?,"Eugene watched a YouTube video, managed his Spotify playlist and profile, subscribed to a YouTube channel, read YouTube comments, and had a task-related discussion with Jonathan Li on Slack."
What was Eugene doing around 11:25 PM on October 24th?,"Eugene was initially watching a YouTube video featuring a person speaking into a RØDE microphone. He then switched to the Spotify app and started playing a playlist titled ""Playlist - eugene."""
"What playlist did Eugene select in Spotify, and what were its details?","The playlist was titled ""Playlist - eugene"" and contained 64 songs with a total length of 3 hours and 29 minutes. Later, it was updated to 65 songs lasting 3 hours and 31 minutes, labeled as a ""Public Playlist."""
What was Eugene doing in Spotify around 11:26 PM?,"Eugene navigated through Spotify, starting playback of the song ""SPEED UP"" by BENJAMIN RICH from his selected playlist. He then accessed his account options, viewed his public profile, and checked his top artists and tracks for the month."
What actions did Eugene take on his Spotify profile page?,"On his profile page, Eugene viewed his ""Top artists this month"" and ""Top tracks this month."" He then navigated to the artist page for ""keshi,"" a verified artist with 8,257,994 monthly listeners."
"What did Eugene do on the ""keshi"" artist page in Spotify?","Eugene viewed the ""keshi"" artist page, including the ""Popular"" tracks section. He then removed the ""Artist pick"" for ""WANTCHU"" from his library, which triggered a ""Removed from Your Library"" notification."
What was Eugene doing around 11:28 PM?,Eugene switched back to the Arc browser and resumed watching the YouTube video he had been watching earlier. He skipped forward in the video timeline from around 12:51 to 1:47:23.
What actions did Eugene take while watching the YouTube video around 11:29 PM?,"Eugene subscribed to the YouTube channel hosting the video, which triggered a ""Subscription added"" confirmation. He then scrolled down to view the video description, revealing episode links, sponsors, and timestamps."
What did Eugene do after expanding the video description on YouTube?,"After viewing the description, Eugene scrolled further down to the comments section, where he read through numerous comments without interacting with them directly. The comments included praise for the video and its insights."
"What application did Eugene switch to around 11:31 PM, and what did he do there?","Eugene switched to the Slack desktop application, specifically to the ""Cal Hacks 12.0"" workspace. He navigated to his direct message thread with Jonathan Li, reviewed their conversation history, and sent a new message asking, ""are you done your metaprompt."""
"What was the response Eugene received in Slack, and what did it indicate?","Jonathan Li replied with a simple ""no"" almost immediately after Eugene's message, indicating they were conversing in real-time."
How did Eugene's activities change throughout the observed period?,"Eugene's activities transitioned from watching a YouTube video to interacting with Spotify, then back to YouTube, and finally to Slack. His actions involved media consumption, profile management, and real-time messaging."
What can be inferred about Eugene's interests or tasks based on his activities?,"Eugene's actions suggest he is interested in technology and AI, as indicated by the YouTube video content and his conversation about ""metaprompt"" in Slack. His interactions with Spotify and YouTube also show engagement with music and educational or informative video content."
What was the significance of the timestamps and time references in Eugene's activities?,"Timestamps, such as ""3:52 PM"" and ""3:53 PM,"" indicate that Eugene's activities were happening around the same time, likely in rapid succession. The references to ""Yesterday"" in the Slack conversation and the ""2 weeks ago"" for song additions in Spotify provide context about the recency of certain actions or updates."
How did Eugene's use of different applications reflect his workflow or task management?,"Eugene's switching between applications like YouTube, Spotify, and Slack indicates a multitasking workflow. He was consuming media, managing his music, and engaging in professional or collaborative communication, suggesting a diverse set of tasks or interests being managed concurrently."
What does the detailed description of Eugene's actions reveal about his interaction style with the applications?,"Eugene's interactions show a pattern of exploration and engagement. He thoroughly examined the YouTube video, including its description and comments, and actively managed his Spotify library and profile. His Slack conversation was direct and task-oriented, indicating a practical approach to communication."
Are there any indications of Eugene collaborating with others or working on a specific project?,"Yes, the Slack conversation with Jonathan Li about ""metaprompt"" suggests Eugene is collaborating with others or working on a project that involves this concept. The exchange implies a shared task or goal related to ""metaprompt."""
How does the log suggest Eugene's level of engagement with the content he was consuming?,"Eugene's actions, such as subscribing to the YouTube channel, reading through comments, and managing his Spotify library, indicate a high level of engagement with the content. He was not passively consuming media but actively interacting with it."
What can be inferred about Eugene's technical savviness based on the log?,"Eugene demonstrated familiarity with multiple applications and their features, such as navigating Spotify's interface, using YouTube's features, and engaging in real-time communication on Slack. This suggests a good level of technical savviness."
Are there any signs of Eugene troubleshooting or facing issues during his activities?,"There are no clear indications of Eugene troubleshooting or facing issues. His interactions were generally smooth, and when actions were taken (like removing a song from his library), they were successful."
What overall impression does the log give about Eugene's productivity and focus?,"The log suggests Eugene was productive and focused, switching between different tasks and applications with purpose. His interactions were task-oriented, indicating a clear direction in his activities."
What was Eugene watching on YouTube around 11:25 PM on October 24th?,"He was watching a video featuring a person speaking into a RØDE microphone while gesturing with their hands. The subtitles visible at the bottom of the video included the text, “similar to maybe what evolution has done. That’s why I call pre-training.”"
What application did Eugene switch to immediately after watching YouTube?,He switched to the Spotify desktop app.
What playlist was Eugene listening to on Spotify around 11:25 PM?,He was listening to a playlist titled “Playlist - eugene” with 64 songs and a total length of 3 hours and 29 minutes.
What was the first song that started playing in the Spotify playlist?,The song “SPEED UP” by BENJAMIN RICH started playing.
What actions did Eugene perform in Spotify around 11:26 PM?,"He clicked his profile avatar to reveal account management actions, navigated to his public Spotify profile page, and then went to the artist page for “keshi.”"
What details were visible on Eugene's public Spotify profile page?,"The profile showed “7 Public Playlists,” “14 Followers,” and “15 Following.” It also displayed his “Top artists this month” and “Top tracks this month.”"
"What did Eugene do on the ""keshi"" artist page in Spotify?","He removed the “Artist pick” for “WANTCHU” from his library, which triggered a notification saying “Removed from Your Library.”"
"What application did Eugene switch to after interacting with the ""keshi"" artist page?","He switched back to the Arc browser, which was displaying the same YouTube video he had been watching earlier."
What actions did Eugene perform on the YouTube video around 11:28 PM?,"He skipped forward in the video timeline from around 12:51 to 1:47:23, and the video continued playing until it was paused again."
What was the title of the YouTube video Eugene was watching?,"The title was “Andrej Karpathy — ‘We’re summoning ghosts, not building animals’” by the channel “Dwarkesh Patel.”"
What action did Eugene take regarding the YouTube channel around 11:29 PM?,"He subscribed to the channel, and a confirmation message appeared saying “Subscription added.”"
What did Eugene do after subscribing to the YouTube channel?,"He scrolled down to expand the video description, revealing episode links, sponsors, and timestamps."
What sections were visible in the expanded YouTube video description?,"The sections included “EPISODE LINKS,” “SPONSORS,” and “TIMESTAMPS,” with multiple hyperlinks."
What did Eugene do after reading the video description?,He scrolled further down into the comments section of the video.
How many comments were listed under the YouTube video?,"There were 1,476 comments listed."
What were some of the comments Eugene saw in the YouTube video?,"Some comments included humorous and appreciative remarks, such as “Karpathy’s tokens/sec is breaking my context window” and “Am a simple man. I see Karpathy and Dwarkesh I clear my schedule.”"
What application did Eugene switch to around 11:31 PM?,He switched to the Slack desktop application.
What workspace was Eugene in on Slack?,He was in the “Cal Hacks 12.0” workspace.
Who did Eugene have a direct message conversation with on Slack?,He had a conversation with Jonathan Li.
What was the content of Eugene's message to Jonathan Li on Slack?,He sent the message “are you done your metaprompt” at 3:53 PM.
What was Jonathan Li's response to Eugene's message on Slack?,Jonathan Li replied with a simple “no” at 3:53 PM.
What indication was there that Eugene and Jonathan Li were conversing in real-time on Slack?,"The reply from Jonathan Li was timestamped at the same time as Eugene's message, 3:53 PM, indicating a real-time conversation."
What was visible in the Slack interface after Jonathan Li's reply?,"The input field remained open and ready for further text entry, and a small reaction count with a green checkmark appeared below the fresh message."
Did Eugene interact with any other parts of the Slack interface besides the direct message with Jonathan Li?,"No, the rest of the Slack interface remained consistent, with no other sections or navigation elements altered."
What was the overall sequence of applications Eugene used from 11:25 PM to 11:32 PM?,The sequence was: YouTube (Arc browser) -> Spotify -> YouTube (Arc browser) -> Slack.
How did Eugene interact with the video playback on YouTube?,"He skipped forward in the timeline and paused the video at certain points, indicating active engagement with the content."
What can be inferred about Eugene's interest in the YouTube video and its comments?,"He was interested in the video content and the discussion around it, as evidenced by his scrolling through the comments section."
What was the context of the conversation between Eugene and Jonathan Li on Slack?,"The conversation was about Jonathan Li's progress on a ""metaprompt,"" to which he replied ""no,"" indicating he was not done."
Were there any other conversations or interactions visible in the Slack workspace?,"No, the log only shows Eugene's interaction with Jonathan Li in the direct messages section."
How did the timestamps help in understanding Eugene's activities?,"The timestamps helped track the sequence of events and interactions across different applications, showing a rapid sequence of actions within a short time frame."
What did Eugene do in YouTube around 11:25 PM?,"At 11:25 PM on Friday, October 24, Eugene watched a YouTube video titled *“Andrej Karpathy — ‘We’re summoning ghosts, not building animals’”* hosted by the channel “Dwarkesh Patel.” The video features a discussion between Karpathy and Patel about topics like AGI, self-driving technology, and evolution. Subtitles are visible, and the timeline advances to 12:51. The video is paused, with no playback animation active, but the RØDE microphone visible in the scene suggests it’s a technical podcast."
Why did Eugene watch that YouTube video?,"The video appears to be a technical conversation about AI and evolution. Given that Karpathy is a well-known AI researcher and the topic includes references to pre-training and cognitive deficits, it likely relates to Eugene’s work. The timeline jump to “Why self-driving took so long” later at 11:28 PM suggests he skipped to a specific section for relevant content. This implies he’s actively seeking technical insights, possibly for a project or research."
What did Eugene do in Spotify at 11:26 PM?,"At 11:26 PM, Eugene was in the Spotify desktop app, managing their library. They played the track *“SPEED UP” by BENJAMIN RICH* from their public playlist “Playlist - eugene,” which expanded from 64 to 65 songs. He accessed their profile page, viewed analytics (e.g., top artists like keshi and Drake), and transitioned to the artist page for keshi. He removed the track *“WANTCHU”* from his library, confirmed by a pop-up notification."
What does removing a song from keshi’s “WANTCHU” imply?,"The removal of *“WANTCHU”* suggests Eugene is curating his music library, possibly to declutter or refine a collection. Since the song is labeled an “Artist Pick” and had been liked, removing it might indicate it no longer aligns with his current tastes or project requirements. However, we don’t see evidence of broader context (e.g., a playlist purge or thematic curation)."
How did Eugene’s work shift from Spotify to YouTube?,"At 11:27 PM, Eugene exited Spotify and returned to the Arc browser to resume watching the YouTube video. The Spotify playback of *“SPEED UP”* continued in the background, as indicated by the persistent progress bar. This multitasking suggests he used Spotify as ambient noise or a background tool while engaging with the YouTube content."
What’s the significance of Eugene subscribing to the YouTube channel?,"At 11:28 PM, Eugene subscribed to the *Dwarkesh Patel* channel, confirmed by a “Subscription added” notification. This action ensures he’ll receive updates from future AI-focused discussions, which aligns with his technical interests. The “bell” icon being active suggests he opted in for video alerts, further indicating sustained engagement."
Why did Eugene scroll down to the YouTube video’s comments?,"At 11:29–11:31 PM, Eugene expanded the video’s description to view timestamps and sponsors, then scrolled down to read the comments. High-liked comments (e.g., humorous references to Karpathy’s speed of speaking) suggest he’s analyzing audience reactions and technical jokes, possibly for insights into community sentiment or content resonance. This passive reading behavior shows he’s researching or validating the video’s impact."
What did Eugene’s Slack interactions reveal?,"At 11:31–11:32 PM, Eugene shifted to the Slack app, part of the *Cal Hacks 12.0* workspace. He reviewed a direct message thread with *Jonathan Li*, including a sent message asking, “are you done your metaprompt?” A reply of “no” followed, indicating real-time collaboration. The chat history includes shared files (e.g., “image.png”) and casual exchanges, suggesting this is a project-related conversation rather than personal."
Is Eugene working solo or collaborating?,"Evidence of collaboration is present. The Slack thread with Jonathan Li and shared files imply collaborative work, likely within the *Cal Hacks 12.0* project. The YouTube engagement and Spotify actions appear personal, but the Slack activity points to active teamwork on a task involving “metaprompt.” We don’t see evidence of others in the Spotify interactions."
What’s the maturity level of Eugene’s work?,"The Spotify activities (library curation, playlist management) and YouTube research suggest ongoing personal or side projects rather than formal deliverables. The Slack interaction hints at a prototype or early-stage project, as the “metaprompt” query and shared files indicate iterative development (e.g., file naming like “image.png” lacks versioning)."
Is anything broken or failing?,"No failures are reported. The Spotify playback, YouTube navigation, and Slack messaging all function normally. The successful removal of a song, subscription to the YouTube channel, and real-time Slack replies confirm no technical issues. However, the “metaprompt” task might be incomplete (Jonathan’s “no” reply), indicating potential blockers."
What’s the next step in Eugene’s work?,"Eugene likely needs to resolve the *metaprompt* task with Jonathan. Further actions might include refining the Spotify playlist for a specific purpose (e.g., a project soundtrack), continuing YouTube research for deeper insights, or revisiting the keshi playlist to adjust liked tracks. The real-time Slack exchange suggests immediate follow-ups are expected."
What risks or policy concerns are visible?,"No security or privacy risks are evident. However, the Spotify “Public Playlist” and open YouTube comments imply data exposure to public channels. Sharing files like “image.png” in Slack without versioning (e.g., “v1_image.png”) could lead to confusion in collaborative tasks."
What did Eugene accomplish overall?,"Eugene accomplished:
1. **YouTube Research**: Watched and analyzed a technical AI podcast, engaged with timestamps, and subscribed to the channel.
2. **Spotify Curation**: Edited a playlist by removing a song and explored artist analytics.
3. **Collaboration**: Advanced a metaprompt-related task via Slack, engaging in real-time with Jonathan Li.
4. **Passive Community Engagement**: Read YouTube comments to understand audience reactions, reflecting research-oriented habits.

His activities span personal research, project collaboration, and media management, with no critical failures observed."
What did Eugene do in Spotify around 11:25 PM?,"Eugene opened the Spotify desktop app and selected a playlist titled “Playlist - eugene” from their library. This playlist contained 64 songs spanning 3 hours and 29 minutes, with most songs added “2 weeks ago.” The interface showed the playlist’s cover art, song titles, and artist names, but no track was playing initially. The right sidebar displayed a friend activity feed, and the Arc browser (visible in the dock) was open alongside Spotify."
What specific track did he start playing in Spotify?,"He began playback of the track “**SPEED UP**” by **BENJAMIN RICH**, as indicated by the green progress bar moving from 1:15 to 1:25. The playlist “Playlist - eugene” expanded to 65 songs (3h 31m) while this song played, suggesting he added a song to the playlist during this session."
What changes occurred when he accessed his Spotify profile?,"Eugene navigated to his public profile page, which displayed statistics like “7 Public Playlists,” “14 Followers,” and “15 Following.” His “Top artists this month” included **AJ Vitanza**, **Tate McRae**, **keshi**, **Drake**, **The Kid LAROI**, and **Justin Bieber**, with “Top tracks this month” like “INNOCENT” and “Homemade Dynamite (Remix).” A “**Liked Songs**” section showed 26 songs from **keshi**, indicating recent engagement with that artist."
What did he do on keshi’s Spotify profile?,"He visited **keshi**’s artist page, which had 8.2 million monthly listeners. He removed the “Artist pick” song “**WANTCHU**” from his library, confirmed by a pop-up notification: “**Removed from Your Library**.” This action suggests he was pruning his “Liked Songs” or managing his playlist preferences."
What YouTube video was he watching at 11:25 PM?,"The video titled “**Andrej Karpathy — ‘We’re summoning ghosts, not building animals’**” (hosted on the “Dwarkesh Patel” channel) showed a discussion about AI, with subtitles referencing topics like “pre-training” and “evolution.” The video included a **RØDE microphone** setup and was likely related to AI research or machine learning."
How did he interact with the YouTube video during this session?,"He skipped forward in the timeline from **12:51** to **1:47:23**, resuming playback on a segment titled “Why self-driving took so long.” He then paused the video and scrolled down to expand the description, revealing links to sponsor websites (**labelbox.com**, **mercury.com**) and timestamps for key discussion points."
What did he do after expanding the YouTube video description?,"He **subscribed to the channel**, confirmed by a pink “Subscribe” button animation and a “Subscription added” notification. He then collapsed the description panel and scrolled to the **comments section**, reading discussions like “Karpathy’s tokens/sec is breaking my context window” (2.1K likes) and technical critiques about AI progress."
What Slack interactions occurred at 11:31 PM?,"Eugene opened the **Cal Hacks 12.0** Slack workspace and navigated to a direct message thread with **Jonathan Li**. He sent a message asking, “**are you done your metaprompt?**” referencing a project or task named “metaprompt,” and received an immediate reply: “**no**.” The conversation thread included prior exchanges, including a shared Google Docs link and an image file."
What might the “metaprompt” collaboration with Jonathan Li involve?,"While the log doesn’t provide details, the term “metaprompt” likely refers to a prompt engineering or AI project requiring iterative refinement. The context—working with Jonathan Li, a direct message, and a timeline during a late-night YouTube/Slack session—suggests collaborative development of prompts for AI models or tools related to AI research, given their prior engagement with Andrej Karpathy’s video."
What does the YouTube playlist timeline suggest about his focus?,"Eugene watched a video discussing AI research (e.g., “pre-training” and “evolution”) and later engaged with AI ethics and technical challenges (e.g., “self-driving took so long”). This aligns with his Spotify activity (liking artists like keshi) to suggest he’s multitasking between **researching AI topics** and **managing creative workflows** (music, Slack collaboration)."
What evidence supports that he was preparing for a project or presentation?,"The combination of **researching Andrej Karpathy’s interview** (AI/ML), **collaborating on Slack with Jonathan Li about a “metaprompt”**, and **managing a Spotify playlist with diverse tracks** implies he’s gathering content for a project. The YouTube video’s timestamps and description links indicate he’s referencing specific technical topics (AGI, neural networks), while Slack messages suggest actionable collaboration."
How did he manage multiple applications simultaneously during this session?,"The log shows he toggled between **Arc browser (YouTube/YouTube comments)**, **Spotify (library/profile navigation)**, and **Slack (DMs)**. For example, at 11:27 PM, he removed a song from Spotify, then immediately returned to YouTube. This fluid switching suggests he was **interleaving research (AI videos), media curation (Spotify), and collaboration (Slack)**, likely as part of a project planning session."
What does his Spotify library curation indicate about his habits?,"His playlist “Playlist - eugene” grew from 64 to 65 songs during this session, and he removed a liked song from **keshi**. This indicates **active curation** of playlists, possibly for personal listening, a creative project, or to curate a mood/environment for work sessions (e.g., ambient music while coding or thinking)."
Were there signs of multitasking or deep focus during this work period?,"The timeline shows **rapid task switching**: listening to a Spotify track while watching a YouTube video, then transitioning to reading comments and Slack. However, sustained focus occurred during deep dives, like scrolling through over 1,400 YouTube comments or editing a playlist. This suggests **mixed modes of productivity**—some shallow, some intense."
What does the absence of email or calendar activity in the log imply?,"The log doesn’t show interactions with email or calendar tools. However, since he used Slack, Notion (visible in the dock), and Spotify, it’s possible he managed project timelines via Notion or Slack, avoiding email. This might reflect a **lean workflow** focused on direct communication and task-specific tools."
What risks or gaps might exist based on his activity?,"The log doesn’t show evidence of documentation, backups, or sharing of the “Playlist - eugene” playlist. If this is for a project, the lack of version control or shared access could be a risk. Additionally, relying on YouTube commentary for information (e.g., comment replies) without cross-checking sources might introduce assumptions into his research."
What next steps could be inferred for Eugene after this session?,"Given the collaboration on Slack (“are you done your metaprompt?”) and the focus on AI/Youtube content, next steps might involve:
- Finalizing the “metaprompt” project with Jonathan Li.
- Compiling insights from the Karpathy video into a report or presentation.
- Curating a Spotify playlist for a specific purpose (e.g., background music for focus sessions).
- Summarizing key discussion points from YouTube comments for reference."
"What time on Friday October 24th did Eugene start playing ""SPEED UP"" by BENJAMIN RICH in Spotify?","At **11:26 PM**, Eugene began playing ""SPEED UP"" by BENJAMIN RICH in Spotify, confirmed by the highlighted green progress bar moving from 1:15 to 1:22."
"At what time did Eugene switch to the ""Account"" dropdown menu in Spotify, and what options were visible?","At **11:26 PM**, Eugene accessed the ""Account"" dropdown menu from their profile icon, revealing options including ""Account,"" ""Profile,"" ""Support,"" ""Private session,"" ""Settings,"" **""Update Spotify now""** (highlighted with a dot), and ""Log out."""
"What was the title of the playlist Eugene was interacting with at 11:26 PM, and how many songs did it contain?","The playlist was titled **""Playlist - eugene""**, containing **65 songs** with a total length of **3 hours and 31 minutes**."
"What action did Eugene take regarding the ""Artist pick"" for ""WANTCHU"" by keshi at 11:27 PM?","At **11:27 PM**, Eugene removed the ""Artist pick"" for **""WANTCHU""** by keshi. A pop-up notification stated **""Removed from Your Library""** to confirm the action."
What specific timestamps did Eugene skip ahead to in the YouTube video at 11:28 PM?,"Eugene skipped the YouTube video from **12:51** to **1:47:23**, as indicated by the timeline progress bar and subtitles updating to discuss ""Why self-driving took so long."""
"What was the reaction to the comment ""Karpathy’s tokens/sec is breaking my context window"" in the YouTube comments section?","This comment by **@integundechatz7872**, posted **8 days ago**, received **2.1K likes** and **33 replies**, making it the highest-rated comment visible in the log."
"What was the name of the channel Eugene subscribed to at 11:29 PM, and what was the video title?","Eugene subscribed to **""Dwarkesh Patel""**, the channel hosting the YouTube video titled **“Andrej Karpathy — ‘We’re summoning ghosts, not building animals’.”**"
"What specific links were included under ""SPONSORS"" in the YouTube video's description at 11:29 PM?","The sponsors section included links to **labelbox.com**, **mercury.com**, and **gemini.google**, as revealed when Eugene expanded the description."
"What was the name of the file shared in the Slack DM with Jonathan Li, and when was it sent?","Eugene shared a file titled **""image.png""** in the Slack DM thread with **Jonathan Li** around **1:03 AM** the previous day (October 23rd)."
What message did Eugene send to Jonathan Li in Slack at 11:31 PM?,"At **11:31 PM**, Eugene sent the message **""are you done your metaprompt""**, timestamped as **3:53 PM** in the Slack interface."
"What was the exact timestamp when Jonathan Li replied ""no"" to Eugene's message in Slack?","Jonathan Li replied with **""no""** at **3:53 PM** (same time as Eugene’s message), as shown in Slack’s interface."
What was the title of the video Eugene was watching on YouTube at 11:28 PM?,"The video title was **“Andrej Karpathy — ‘We’re summoning ghosts, not building animals’,”** hosted by Dwarkesh Patel."
What were the viewing statistics mentioned on keshi's Spotify artist page at 11:26 PM?,"The artist **keshi** had **8,257,994 monthly listeners** and a **""Following""** status indicated on their Spotify profile."
How many followers does Eugene have on Spotify according to his profile at 11:26 PM?,Eugene’s Spotify profile displayed **14 followers** and **15 following** under his public profile statistics.
"What were the durations of the top tracks listed in keshi's ""Popular"" section on Spotify?","Tracks in keshi’s ""Popular"" section ranged from **2:30** (e.g., ""Soft Spot"") to **3:46** (e.g., ""UNDERSTAND"")."
"What was the exact time on the system clock when Eugene removed ""WANTCHU"" from his library?","The system clock showed **3:52 PM** when Eugene removed the artist pick, as captured in the interface across all Spotify interactions."
"Which specific timestamp in the YouTube video did Eugene navigate to at 11:28 PM, and what was the topic discussed at that point?","Eugene navigated to **1:47:23**, where the video caption read **""self-driving took so long because the cost of failure is so high.""**"
What was the name of the other speaker visible in the YouTube video after the camera switch at 11:28 PM?,"The second speaker remains anonymous in the log, but their mid-shot reveals a different person from the original speaker against a brick wall with bookshelves."
What was the exact name of the Slack workspace Eugene was using at 11:31 PM?,"Eugene was in the **“Cal Hacks 12.0”** Slack workspace, as indicated by the workspace label at the top of the application."
"What files were involved in the direct message conversation with Jonathan Li, and what was the content of the shared image?","The shared file was **""image.png""**, a **portrait of a person outdoors in soft light**, viewed in blurred preview before being fully loaded into the chat."
"What was the status of the ""Private session"" toggle in Spotify at 11:26 PM?","The log does not confirm whether the **""Private session""** was enabled or disabled in Eugene’s Spotify account during this activity."
Which specific timestamps in the YouTube episode were outlined in the expanded description at 11:29 PM?,"The description included timestamps like **""00:39 – LLM cognitive deficits""** and **""01:13 – AGI will blend into 2% GDP growth,""** among others."
What was the name of the person speaking into the RØDE microphone in the YouTube video at 11:25 PM?,"The log does not explicitly name the first speaker, but they are identified in the video as **Andrej Karpathy**, based on the title."
What was the exact time of the most recent comment Eugene viewed in the YouTube comment section at 11:30 PM?,"The most recent comment visible in the log had **""2d""** (2 days ago) as its timestamp, though specific usernames and replies beyond this are not detailed."
What was the status of the Slack messages sent by Jonathan Li before 11:31 PM?,"Jonathan’s prior messages included casual exchanges like **""hello,""** **""yo what up,""** and **""brah,""** but the log does not clarify if these were read by Eugene at the time of sending."
"What were the specific titles of keshi’s top tracks listed under the ""Popular"" section at 11:26 PM?","The tracks listed were **""Soft Spot,""** **""UNDERSTAND,""** **""WANTCHU,""** **""LIMBO,""** and **""beside you,""** each with unique play counts."
"How many comments were visible in the YouTube video at 11:30 PM, and what were the highest-engaged comments?","The video had **1,476 comments**, with the top-engaged comments including **2.1K likes** for **@integundechatz7872**’s joke and **2.6K likes** for **@unsupervised-learning**’s technical remark."
What was the total length of Eugene’s Spotify playlist before and after adding a song at 11:26 PM?,"The playlist initially listed **64 songs** for **3h 29m**, then expanded to **65 songs** for **3h 31m** after a song was added (likely confirmed by the **""Added to""** notification)."
What were the specific sponsors listed in the YouTube video description at 11:29 PM?,"Sponsors included **labelbox.com**, **mercury.com**, and **gemini.google**, as linked in the description under the **""SPONSORS""** section."
"What was the content of the YouTube video’s title screen at 11:25 PM, and what other metadata was visible?","The title screen read **“Andrej Karpathy — ‘We’re summoning ghosts, not building animals,’”** with the **Dwarkesh Patel** channel logo, **113K subscribers**, and **viewing controls** (Like, Share, etc.)."